,ema_230421_090640T09.06.00.00.wav,ema_230421_090745T09.07.00.00.wav,firstreef_230420_201800T01.08.00.00.wav,firstreef_230420_201500T01.50.00.00.wav,firstreef_230420_201200T01.20.00.00.wav,firstreef_230420_200900T00.09.00.00.wav,firstreef_230420_200600T00.06.00.00.wav,firstreef_230420_200300T00.30.00.00.wav,firstreef_230420_200000T00.00.00.00.wav,ema_230421_085905T08.59.00.00.wav,ema_230421_090010T09.00.00.00.wav,ema_230421_090115T09.01.00.00.wav,ema_230421_090220T09.02.00.00.wav,ema_230421_090325T09.03.00.00.wav,ema_230421_090430T09.04.00.00.wav,ema_230421_090535T09.05.00.00.wav,firstreef_230420_195700T09.57.00.00.wav,firstreef_230420_195400T09.54.00.00.wav,firstreef_230420_195100T09.51.00.00.wav,narega1_230424_122930T22.09.00.00.wav,narega1_230424_122825T22.08.00.00.wav,narega1_230424_122720T22.07.00.00.wav,narega1_230424_122615T22.06.00.00.wav,narega1_230424_122510T22.50.00.00.wav,narega1_230424_122405T22.40.00.00.wav,narega1_230424_122300T22.30.00.00.wav,narega1_230424_122155T22.10.00.00.wav,narega1_230424_122050T22.00.00.00.wav,narega1_230424_121945T21.09.00.00.wav,tuare_230420_234200T03.42.00.00.wav,tuare_230420_233900T03.39.00.00.wav,tuare_230420_233600T03.36.00.00.wav,tuare_230420_233300T03.33.00.00.wav,tuare_230420_233000T03.30.00.00.wav,tuare_230420_232700T03.27.00.00.wav,tuare_230420_232400T03.24.00.00.wav,tuare_230420_232100T03.21.00.00.wav,tuare_230420_231800T03.18.00.00.wav,tuare_230420_231500T03.15.00.00.wav,ema_230421_085800T08.58.00.00.wav
0,0.0,0.0,0.0,0.0,0.0,0.0,0.0,0.0,0.0,0.0,0.0,0.00079127186,0.0,0.0,0.0,0.0,0.0,0.0,0.0,0.02334882,0.030843865,0.03539516,0.05489902,0.030745523,0.044583593,0.061643958,0.04520889,0.04268084,0.040295836,0.0,0.0,2.5725652e-05,0.0,0.0,0.0,0.0,0.0,0.0,0.00013243912,0.0
1,0.0,0.0,0.0,0.0,0.0,0.0,0.0,0.0,0.0,0.0,0.0,0.0,0.0,0.0,0.0,0.0,0.0,0.0,0.0,0.0,0.0,0.0,0.0,0.0,0.0,0.0,0.0,0.0,0.0,0.0,0.0,5.9563547e-05,0.0011191305,0.0,0.0,0.0,0.0,0.0,0.0,0.0
2,0.5519063,0.5822796,1.0943702,1.146704,1.0785515,0.90668505,0.96402967,0.99394643,0.9342604,0.5817001,0.56296897,0.60439855,0.51816005,0.4979093,0.5917123,0.53894645,1.0099196,0.919377,0.89153856,0.751439,0.7239864,0.71175295,0.7090673,0.715939,0.71526736,0.7254715,0.71192294,0.7370238,0.76596653,0.64909285,0.6236493,0.57977116,0.5880492,0.5019157,0.46578723,0.5488102,0.47554678,0.55804896,0.52146024,0.554519
3,0.0,0.0,0.0,0.0,0.0,0.0,0.0,0.0,0.0,0.0,0.0,0.0,0.0,0.0,0.0,0.0,0.0,0.0,0.0,0.0,0.0,0.0,0.0,0.0,0.0,0.0,0.0,0.0,0.0,0.0,0.0,0.0,0.0,0.0,0.0,0.0,0.0,0.0,0.0,0.0
4,0.0,0.0,0.003423791,0.011583154,0.0055469545,0.0053158356,0.0057087033,0.002849932,0.003952988,0.0,0.0,0.0,0.0,0.0,0.0,0.0,0.005523382,0.0050230618,0.012460444,0.0,0.0,0.0,0.0,0.0,0.0,0.0,0.0,0.0,0.0,0.0,0.0,0.0,0.0,0.0,0.0,0.0,0.0,0.0,0.0,0.0
5,0.0,0.0,0.0,0.0,0.0,0.0,0.0,0.0,0.0,0.0,0.0,0.0,0.0,0.0,0.0,0.0,0.0,0.0,0.0,0.0,0.0,0.0,0.0,0.0,0.0,0.0,0.0,0.0,0.0,0.0,0.0,0.0,0.0,0.0,0.0,0.0,0.0,0.0,0.0,0.0
6,0.0,0.0,0.0,0.0,0.0,0.0009882624,0.0,0.0,0.0,0.0,0.0,0.0,0.0,0.0,0.0,0.0,0.0,0.0,0.0,0.0,0.0,0.0,0.0,0.0,0.0,0.0,0.0,0.0,0.0,0.0038248815,0.0,0.0,0.0012498636,0.0,0.0,0.0,0.0,0.0,0.0,0.0
7,0.0018867194,0.0050252234,0.0611022,0.055069875,0.079566106,0.08871692,0.08792061,0.07185568,0.080170944,0.008488728,0.0114126,0.0045162104,0.014064722,0.012113307,0.01462362,0.007951576,0.06828764,0.08281928,0.10735172,0.0005869549,0.0011632767,0.0014342896,0.0015921125,0.0,0.00025924787,0.0026470707,0.0017540142,0.0,0.0010294609,0.0894782,0.06474162,0.07371586,0.086221784,0.07788598,0.08331222,0.08027383,0.113794275,0.07671723,0.07688008,0.012463863
8,0.0,0.0,0.0,0.0,0.0,0.0,0.0,0.0,0.0,0.0,0.0,0.0,0.0,0.0,0.0,0.0,0.0,0.0,0.0,0.0,0.0,0.0,0.0,0.0,0.0,0.0,0.0039008763,0.0,0.0,0.0,0.0,0.0,0.0,0.0,0.0,0.0,0.0,0.0,0.0,0.0
9,1.1636662,1.189132,0.017015176,0.016958827,0.01741595,0.029284555,0.052383635,0.03280093,0.033781786,1.1980145,1.2487661,1.1190718,1.1097208,1.2556269,1.1444151,1.2002945,0.05718906,0.035832796,0.02892863,1.4432403,1.3117288,1.3639098,1.1800766,1.4245437,1.331872,1.2861981,1.3831437,1.2514287,1.4188254,0.65050256,0.7090067,0.80591553,0.7524849,0.7045075,0.8191555,0.73525447,0.8752723,0.7222299,0.73129594,1.1402094
10,0.0,0.0,0.0,0.0,0.0,0.0,0.0,0.0,0.0,0.0,0.0,0.0,0.0,0.0,0.0,0.0,0.0,0.0,0.0,0.0,0.0,0.0,0.0,0.0,0.0,0.0,0.0,0.0,0.0,0.0,0.0,0.0,0.0,0.0,0.0,0.0,0.0,0.0,0.0,0.0
11,0.0,0.0,0.0,0.0,0.0,0.0,0.0,0.0,0.0,0.0,0.0,0.0,0.0,0.0,0.0,0.0,0.0,0.0,0.0,0.0,0.0,0.0,0.0,0.0,0.0,0.0,0.0,0.0,0.0,0.0,0.0,0.0,0.0,0.0,0.0,0.0,0.0,0.0,0.0,0.0
12,0.0,0.0,0.06921812,0.07992527,0.0689038,0.06322417,0.08438048,0.060799677,0.08066941,0.0,0.0,0.0,0.0,0.0,0.0,0.0,0.053739525,0.05463303,0.12476169,0.0,0.0,0.0,0.0,0.0,0.0,0.0,0.0,0.0,0.0,0.0,0.0,0.0,0.0,0.0,0.0,0.0,0.0,0.0,0.0,0.0
13,0.0062987963,0.0103414785,0.010503659,0.01243757,0.0042851907,0.005151414,0.0041326927,0.008805492,0.004348225,0.01113011,0.0056150155,0.008540886,5.5379446e-06,0.003154774,0.008482525,0.006798978,0.009881971,0.0059535443,0.0058173584,0.049594246,0.0662957,0.05275766,0.07256656,0.05251851,0.043062337,0.07775397,0.07142785,0.081387386,0.07299137,0.0,0.0,0.0,0.0,0.0,0.0,0.0,0.0,0.0,0.0,0.010289117
14,0.012261206,0.027173674,0.37666506,0.37271714,0.3649772,0.33041105,0.354839,0.38816327,0.39678228,0.026688397,0.017864509,0.029236378,0.024279673,0.01802619,0.013384368,0.009341448,0.36475128,0.37959963,0.34591445,0.0,0.0068030967,0.0,0.0038255425,0.0001611146,0.0067320657,0.0031974344,0.00016043299,0.0072090966,0.00144167,0.13733293,0.06705285,0.05366351,0.032677703,0.018653577,0.009920623,0.0042214887,0.0012238742,0.0088434825,0.013264972,0.09842635
15,0.0,0.0,0.005228811,0.0021600078,0.0015864582,0.00342839,0.00296511,0.0025346533,0.0015577268,0.0,0.00090173807,0.0,0.0,0.0,0.0002997275,0.0,0.0024720724,0.0038921626,0.00384277,0.006377685,0.00019573643,0.0043469807,0.0067938287,0.0,0.002801141,0.0085771475,0.0053652953,0.010070712,0.005963672,0.0,0.0,0.0,0.0,0.0,0.0,0.0,0.0,0.0,0.0,0.0
16,0.7180406,0.65305746,0.089740165,0.101619266,0.101172626,0.12503497,0.12843706,0.110067084,0.12885538,0.7110249,0.68413347,0.7275209,0.6944665,0.7484931,0.6836547,0.72060525,0.107260965,0.13910495,0.1299947,0.18682559,0.19048741,0.15355128,0.15091455,0.17755808,0.16972917,0.1633647,0.17290036,0.125357,0.1618094,0.22268525,0.29180995,0.42719954,0.41424802,0.4538783,0.6519429,0.5087117,0.57375044,0.61944336,0.5950353,0.61700827
17,0.0,0.0015700132,0.018060153,0.016746648,0.022073843,0.027539449,0.022799326,0.016842788,0.022392713,0.001005268,0.00017863224,0.0,0.0012088793,0.00015332575,7.466684e-05,0.00015942752,0.013918287,0.029631753,0.03652822,0.0073648416,0.004842879,0.00330424,0.009774517,0.006881182,0.003820501,0.011821693,0.0035600027,0.009099706,0.0030809212,0.0019127578,0.0025379101,0.00092661957,0.0,0.0016930709,0.003907977,0.0064095627,0.008906482,0.012824319,0.004399575,0.000720375
18,0.0,0.0,7.6054566e-05,0.000111313835,0.0,0.0,0.00071152794,0.0002496782,0.0014175869,0.0,0.0,0.0,0.0,0.0,0.0,0.0,0.0002893469,0.0,0.0016457373,0.0,0.0,0.0,0.0,0.0,0.0,0.0,0.0,0.0,0.0,0.00067250093,0.0,0.0,0.0,0.0,0.0,0.0,0.0,0.0,0.0,0.0
19,0.00017372494,0.0,0.00041652494,0.0003074989,0.0043852353,0.0043973173,0.00015555754,0.0009106811,0.0021076174,0.00084301684,0.0,0.0,0.0,0.0,0.0,0.00018047469,0.0023311367,0.0020575917,0.0,0.03743219,0.032471005,0.053702623,0.087569065,0.043925747,0.047546543,0.052597497,0.06088274,0.07274224,0.058308657,0.07733568,0.065025836,0.02833654,0.036129657,0.043065757,0.02480311,0.044387035,0.01883873,0.0107879955,0.013477246,0.0
20,0.011594552,0.017474031,0.5660766,0.5751104,0.54121476,0.45748374,0.4536259,0.47121215,0.4584475,0.021345755,0.018597908,0.024318663,0.018975955,0.008670759,0.020263366,0.028994864,0.4740509,0.4120528,0.3936104,0.2933677,0.24880938,0.2867153,0.32981226,0.3076702,0.24894862,0.277117,0.29311222,0.3112008,0.31950626,0.31903628,0.24081759,0.14387459,0.16514105,0.10331436,0.052377366,0.10587062,0.06149203,0.06380012,0.051949315,0.01662206
21,0.26632032,0.35100725,0.012406336,0.011696655,0.01310064,0.0356059,0.038692903,0.050167818,0.030113593,0.2900985,0.27771688,0.3124192,0.33185858,0.30605653,0.3523817,0.31019148,0.044234738,0.049355857,0.04175776,0.08570162,0.08360503,0.08634893,0.11888218,0.097932264,0.10569762,0.10834821,0.123040035,0.116025716,0.08567787,0.32690486,0.32218447,0.3619793,0.4158324,0.5072703,0.53816545,0.473316,0.5712001,0.552431,0.58927995,0.22563453
22,0.0,0.0,0.0011998449,0.0014038811,0.0027819765,0.0009271515,0.0,0.0,0.0013928325,0.0,0.0,0.0,0.0,0.0,0.0,0.0,0.0,8.652924e-05,0.00039801974,0.0,0.0,0.0,0.0,0.0,0.0,0.0,0.0,0.0,0.0,0.0,0.0009586654,0.0,0.0,0.0029880828,0.004320637,0.0028568052,0.004454472,0.0005120836,0.009160852,0.0
23,0.10912063,0.123964466,0.2673245,0.286056,0.23452652,0.1954873,0.22905439,0.26126865,0.21944185,0.105773024,0.09691507,0.14248095,0.09313015,0.09512528,0.18716964,0.14224729,0.23751853,0.21060188,0.18044427,0.19404376,0.23939793,0.19475175,0.19387287,0.1422864,0.17423871,0.2294392,0.18231605,0.22702326,0.16754338,0.0,0.0,0.0,0.0,0.00079247385,0.0,0.0005605187,0.0,0.0,0.0,0.107050985
24,0.0,0.0,0.026698256,0.025412813,0.029646251,0.041080862,0.027799882,0.034048367,0.027435007,0.0,0.0,0.0,0.0,0.0,0.0,0.0,0.022077713,0.019831683,0.042938918,0.00057560107,0.0026914328,0.0,0.0,0.0047529493,0.001412135,0.007827425,0.0024149937,0.0,0.0012927252,0.01600389,0.004547438,0.002788321,0.0068330793,0.0022558006,0.0038431536,0.0034442798,0.003047824,5.6406665e-05,0.0010271447,0.001396558
25,0.0,0.0,0.05274687,0.037784625,0.049157858,0.07000867,0.046690997,0.047542054,0.06582048,0.0,0.0,0.0,0.0,0.0,0.0,0.0,0.03518952,0.05129026,0.052614525,0.0,0.0,0.0,0.0,0.0,0.0,0.0,0.0,0.0,0.0,0.013495124,0.0,0.0,0.0,0.0,0.0,0.0,0.0,0.0,0.0,0.0
26,0.0016880835,0.008548933,0.1288841,0.12568818,0.116246,0.09209724,0.09059065,0.10681408,0.102515705,0.007591362,0.0061131655,0.010105281,0.009256821,0.008143783,0.011877974,0.012151803,0.099470384,0.08373469,0.07662402,0.05175401,0.038136866,0.04648006,0.06838122,0.03215628,0.03400595,0.06484761,0.049904305,0.067630604,0.033097055,0.0006369833,0.000454048,0.0016702759,0.0015198223,0.0,0.0,4.228565e-05,0.0,0.0,0.0,0.0020793658
27,0.0,0.0,0.10728787,0.08307068,0.08886095,0.077780105,0.08155663,0.06393119,0.079200774,0.0,0.0,0.0,0.0,0.0,0.0,0.0,0.0728569,0.054122325,0.061334893,0.0011392061,0.009211367,0.009417762,0.008040695,0.004430173,0.0037541823,0.009499103,0.0007524534,0.009067306,0.0011130696,0.14145176,0.105203375,0.080366686,0.046565052,0.03319171,0.008434964,0.04574911,0.016454505,0.018488413,0.021679468,0.0
28,0.0,0.0,0.07220918,0.04269729,0.07936245,0.12661141,0.094465226,0.10599359,0.11316504,0.0,0.0,0.0,0.0,0.0,0.0,0.0,0.077653565,0.11018869,0.120624505,0.0,0.0,0.0,0.0,0.0,0.0,0.0,0.0,0.0,0.0,0.114485025,0.068741776,0.036331818,0.025028478,0.025292542,0.02823932,0.022735365,0.012758863,0.0033059786,0.008359413,0.0
29,0.0031116353,0.0036540835,0.01563889,0.008055171,0.008879991,0.0030917462,0.0046726493,0.0029942554,0.002178843,0.008383308,0.010060293,0.0040374342,0.0021485647,0.003439618,0.010863895,0.0066900793,0.012157595,0.0035145504,0.0024217195,0.0066953083,0.0016654895,0.0061346656,0.0,0.0037172528,0.005257417,0.0028625787,0.003449961,0.0017282008,0.0076324027,0.0,0.0,0.0,0.0,0.0,0.0,0.0,0.0,0.0,0.0,0.005395927
30,0.3013653,0.29392424,0.27519256,0.26161656,0.30002525,0.2203844,0.23751801,0.21444462,0.19936994,0.3010428,0.29305074,0.31414056,0.25818455,0.23945633,0.27546707,0.35676914,0.26944333,0.1805943,0.15337789,0.19610828,0.1530066,0.14708894,0.15540543,0.15428199,0.16274141,0.16530257,0.1736835,0.15413049,0.14603327,0.18960565,0.21769327,0.19187912,0.25872016,0.27262682,0.2049966,0.23321201,0.22713445,0.15999968,0.18995194,0.3197972
31,0.23409487,0.25043628,0.03957098,0.036422826,0.054022532,0.07303208,0.08957981,0.0854085,0.084396444,0.25962728,0.26386723,0.2429844,0.21847205,0.27514872,0.2832727,0.24837609,0.086734645,0.10025183,0.11237043,0.31743866,0.2754949,0.3229272,0.2349218,0.31667304,0.29244155,0.30013213,0.34849814,0.29325992,0.2904957,0.04349383,0.044453695,0.08674974,0.0643798,0.071081065,0.07915588,0.0817306,0.111103185,0.05408919,0.086581476,0.18450588
32,0.035496347,0.03003931,0.5277549,0.5202547,0.4750433,0.39480457,0.39567617,0.4203399,0.41901413,0.04992394,0.029641535,0.0428492,0.034627058,0.00904325,0.026242714,0.045436557,0.43243262,0.31455794,0.3524525,0.021140896,0.014217128,0.007290305,0.019863395,0.013685417,0.022550594,0.020365695,0.017129973,0.022722261,0.013685497,0.065503344,0.023467878,0.019241035,0.026059024,0.023039522,0.005841067,0.0071451515,0.0014090134,0.00021696914,0.003575098,0.058441296
33,0.22689499,0.20469922,0.34910092,0.35765585,0.35995278,0.35369828,0.3535903,0.34199283,0.35920185,0.17985962,0.14332125,0.20415288,0.18043807,0.1574462,0.20306101,0.19203109,0.3280172,0.36769572,0.3367196,0.058284637,0.08462985,0.08655505,0.09472463,0.05726158,0.08099855,0.06866271,0.044543337,0.08819826,0.044625673,0.03734563,0.031407423,0.03729522,0.034538995,0.053077973,0.044896513,0.043544974,0.049126573,0.069777,0.07561226,0.18826674
34,0.26491737,0.2601135,0.1562475,0.1547698,0.16928624,0.09041361,0.15464732,0.17480999,0.16367106,0.3329385,0.28381217,0.254847,0.23171467,0.22827016,0.2945982,0.22085534,0.1445098,0.16856413,0.17072134,0.1876392,0.13795245,0.1373627,0.19272734,0.1413731,0.14094876,0.15737228,0.17017187,0.1792812,0.15098949,0.7334613,0.6575409,0.5020738,0.41614643,0.33249477,0.18853746,0.2622027,0.19636331,0.14416984,0.1399,0.34369895
35,1.9208448,1.8884948,0.55176365,0.5997929,0.5602697,0.55417037,0.57725286,0.61399853,0.56008047,1.906776,1.9345602,1.8568598,1.8163748,2.0329182,1.8313235,1.9026821,0.62538,0.5790959,0.5483282,2.0437024,1.9245248,2.0081737,1.8261201,2.0611405,1.9558436,1.862962,1.9641999,1.889021,2.0617766,1.5680351,1.6428235,1.6851445,1.5839411,1.4890373,1.6931899,1.5859385,1.6897173,1.6525918,1.5739592,1.7693596
36,0.0,0.0,0.0014553039,0.0,0.0,0.00013895164,0.002821631,0.0034768747,0.0032067169,0.0,0.0,0.0,0.0,0.0,0.0,0.0,0.0018678698,0.0058573745,0.008603381,0.0,0.0,0.0,0.0,0.0,0.0,0.0,0.0,0.0,0.0,0.0,0.0,0.0,0.0,0.0,0.0,0.0,0.0,0.0,0.0,0.0
37,0.0015637156,0.0,0.041117143,0.032662846,0.020207105,0.012798063,0.012640752,0.018696863,0.006991338,0.0056865504,0.0,0.0036595103,0.0,0.0,0.0,0.0,0.020855935,0.005761539,0.0060004806,0.040832575,0.01167189,0.027419584,0.04825547,0.029374503,0.039372362,0.02162898,0.029433513,0.024516776,0.03715187,0.0,0.0,0.0,0.0,0.0,0.0,0.0,0.0,0.0,0.0,0.0009441516
38,0.0,0.0,0.0,0.0,0.0,0.0,0.0,0.0,0.0,0.0,0.0,0.0,0.0,0.0,0.0,0.0,0.0,0.0,0.0,0.0,0.0,0.0,0.0,0.0,0.0,0.0,0.0,0.0,0.0,0.0,0.0,0.0,0.0,0.0,0.0,0.0,0.0,0.0,0.0,0.0
39,0.0,0.0030549734,0.002862514,0.0011873394,0.005509544,0.001870058,0.0019542852,0.00201067,0.0026322706,0.00043996135,5.8036658e-05,0.0,0.0010334518,0.0003251299,0.00013082883,0.00030667312,0.0013619803,0.0065573636,0.0040708105,0.0006580365,0.0024942507,0.0,0.009641664,0.0011932872,0.0036598968,0.0011010441,0.0021424324,0.0050485395,0.0006512187,0.03337981,0.033575792,0.02129775,0.013438684,0.011022999,0.0031189485,0.015448399,0.005969037,0.0037080103,0.005529919,0.004235366
40,0.007807215,0.015195453,0.17890851,0.17834553,0.18197998,0.25702855,0.2514687,0.21788175,0.22637375,0.033842362,0.023785274,0.011287724,0.015139,0.009542906,0.007722059,0.015660904,0.23999655,0.2541749,0.22732379,0.034597553,0.027249794,0.016641743,0.051192846,0.029418966,0.037745234,0.03483314,0.019090293,0.025052961,0.026127731,0.13656412,0.07500573,0.050072268,0.13888648,0.15292269,0.09344487,0.11816365,0.10324485,0.100692354,0.11035744,0.035382953
41,0.00842071,0.012269344,0.0,0.0003768297,0.00053892046,0.00094890414,0.0012232285,0.0001593023,0.0044103237,0.014275133,0.003992404,0.00085362094,0.0013216162,0.008174156,0.008914256,0.008281705,0.0057907635,0.0021029124,0.0019132018,0.0,0.0,0.0,0.0003334094,0.0,0.0,0.0,0.0,0.0,0.0,0.0,0.0,0.0,0.0,0.0,0.0,0.0,0.0,0.0,0.0,0.021751627
42,1.0524927,0.9699026,0.20307676,0.21367633,0.20256256,0.1404789,0.17021053,0.18798181,0.17803448,1.0038149,1.0483358,0.99882436,0.9772513,1.1065162,0.9322269,1.0078882,0.20074601,0.14338358,0.16231064,1.2711755,1.1918879,1.1963162,1.0575377,1.2307934,1.1988434,1.1242625,1.1515661,1.1031051,1.2688222,0.62162286,0.7502912,0.80897915,0.7099103,0.64946485,0.8129315,0.6942477,0.72231174,0.76812506,0.6838697,1.0301331
43,1.6939286,1.6891925,0.20340458,0.22080773,0.23176701,0.23571542,0.2417687,0.23159197,0.229645,1.7024605,1.7826318,1.6624551,1.6167778,2.0096104,1.6481549,1.7003368,0.25991145,0.27304924,0.23701465,1.6956191,1.5740433,1.5985662,1.3583838,1.6995585,1.582075,1.4919457,1.5971967,1.4278759,1.6867806,0.97538835,1.0945523,1.3110793,1.2290049,1.1931716,1.4534184,1.2497932,1.3900628,1.3953514,1.3098491,1.5365974
44,0.008910827,0.01397515,0.049845953,0.055182867,0.031215865,0.03223596,0.026437152,0.013924666,0.025657468,0.010679177,0.014481777,0.0088527,0.01055021,0.0061275326,0.015851902,0.009529285,0.016878732,0.016512986,0.022668563,0.0010824113,0.0001264128,0.0016517228,0.0025286016,0.0,0.0003280928,0.0010160779,0.0021192585,0.0,0.0,0.003054908,0.00367002,0.0,0.0,0.0,0.0,0.0,0.0,0.0,0.0,0.009640755
45,0.0003242608,0.0042248494,0.0,0.0,0.0,0.00021846929,0.0,0.0,0.0,0.0060789646,0.002769177,0.003106745,0.0020952653,0.003018716,0.0020290667,0.00085129734,0.0,0.0,3.402031e-05,0.0,0.0,0.00025103506,0.0029372203,0.0011547995,0.0013565017,0.0006873908,0.0,5.615767e-05,0.0,0.0,0.0,0.0,0.0,0.0,0.0,0.0,0.0,0.0,0.0,0.0
46,0.010807787,0.0058791107,0.44640964,0.44567445,0.44323668,0.4661323,0.43012077,0.3988334,0.4117311,0.0075911065,0.0012327298,0.005395262,0.022073185,0.00090717786,0.006871823,0.007955121,0.43273354,0.38515317,0.43384898,0.027171517,0.023799285,0.017795248,0.050019663,0.015963493,0.029874817,0.031076834,0.01605382,0.024623184,0.022548707,0.22711183,0.2231651,0.21095558,0.1861085,0.1634716,0.13377856,0.15791412,0.13773994,0.15141828,0.14303754,0.015881464
47,0.78595215,0.789083,0.7065552,0.7026655,0.7212037,0.7321371,0.7030093,0.71757156,0.6934915,0.669731,0.72837675,0.7869904,0.7696732,0.73923546,0.7670834,0.77908295,0.69660884,0.7038909,0.6583067,1.4852692,1.4376451,1.4828511,1.2996925,1.4609275,1.3818444,1.4370415,1.4841381,1.4223603,1.4428076,0.877884,0.8401342,0.8758689,0.9165268,0.92846143,0.9407101,0.88749254,0.92356294,0.9844173,0.91328454,0.7066273
48,0.674723,0.62516713,0.41467497,0.46607494,0.4436914,0.44328558,0.50433826,0.5141684,0.48354772,0.6575976,0.65453225,0.6184271,0.6538173,0.57453626,0.66554475,0.63026005,0.50281656,0.5196761,0.45148537,0.7254221,0.7363183,0.7744161,0.8133141,0.72857714,0.74551064,0.7359233,0.76028407,0.83603835,0.72511494,0.24210425,0.3365422,0.37538084,0.41410467,0.4369564,0.40384415,0.45373932,0.38873026,0.48889905,0.4597702,0.7470681
49,0.23544878,0.19766758,0.15938288,0.16423438,0.21234046,0.30195925,0.3157356,0.25691152,0.24962784,0.19609936,0.18471177,0.21733147,0.30071503,0.18012965,0.21177456,0.22949922,0.24106999,0.31341052,0.27864236,0.08214175,0.06446312,0.06546889,0.095457,0.095729366,0.12591822,0.084252276,0.074497625,0.06770591,0.09063229,0.91054237,0.87447774,0.8820527,0.80412245,0.87184495,0.90193546,0.75968057,0.83351904,1.0333604,0.9660202,0.23506896
50,0.0,0.0,0.039010476,0.045293022,0.026113749,0.030621316,0.017527532,0.019558547,0.026848152,0.0,0.0,0.0,0.0,0.0,0.0,0.0,0.017601883,0.013241333,0.0329844,0.0,0.0,0.0,0.0,0.0,0.0,0.0,0.0,0.0,0.0,0.0,0.0,0.0,0.0,0.0,0.0,0.0,0.0,0.0,0.0,0.0
51,0.0,0.0,0.0,0.0,0.0,0.0,0.0,0.0,0.0,0.0,0.0,0.0,0.0,0.0,0.0,0.0,0.0,0.0,0.0,0.0,0.0,0.0,0.0,0.0,0.0,0.0,0.0,0.0,0.0,0.0088899275,0.012331965,0.0050122347,0.0038843246,0.0026969141,0.0,0.0,0.00014044966,0.0,0.0018638159,0.0
52,0.0,0.0,0.0,0.0,0.0,0.0,0.0,0.0,0.0,0.0,0.0,0.0,0.0,0.0,0.0,0.0,0.0,0.0,0.0,0.0,0.0,0.0,0.0,0.0,0.0,0.0,0.0,0.0,0.0,0.0,0.0,0.0,0.0,0.0,0.0,0.0,0.0,0.0,0.0,0.0
53,0.0,0.0,0.0022533762,0.0064796745,0.0024709916,0.0038200722,0.00035063096,0.002857388,0.0003969224,0.0,0.0,0.0,0.0,0.0,0.0,0.0,0.004075237,0.005099338,0.0038508498,0.0,0.0,0.0,0.0,0.0,0.0,0.0,0.0,0.0,0.0,0.0,0.0,0.0,0.0,0.0,0.0,0.0,0.0,0.0,0.0,0.0
54,0.1439134,0.118979074,0.20217974,0.19566421,0.20750824,0.2260638,0.19940168,0.19864547,0.22547261,0.15758039,0.15443482,0.1459347,0.21693319,0.16474496,0.15557554,0.14920779,0.19757773,0.24824847,0.25861752,0.12619142,0.14163262,0.17175025,0.17713994,0.17694995,0.13582315,0.15876506,0.17412654,0.17327648,0.16003376,0.18482952,0.20992492,0.2170676,0.19041866,0.17414045,0.16791876,0.19937326,0.1588626,0.19058318,0.17850065,0.15738006
55,0.008101136,0.019169085,0.01171043,0.0056088157,0.0066657104,0.008100557,0.014849397,0.0038508042,0.0083575435,0.0064280713,0.011494378,0.013117433,0.021956945,0.008121824,0.008839869,0.00783668,0.018272385,0.015318342,0.010382127,0.0,0.0027639577,0.0,0.005232429,0.0006774206,0.00074290833,0.002960345,0.0,0.0028596777,0.0,0.0076448387,0.001567632,0.0061961627,0.026021436,0.040619537,0.007893959,0.011168772,0.018903257,0.008158824,0.020455236,0.0071795536
56,1.1219577,1.1454885,0.44003496,0.41649756,0.45276734,0.4135955,0.4577525,0.49792832,0.46452788,1.1906836,1.1585143,1.1144406,1.0615695,1.1070108,1.1355814,1.1375715,0.50339663,0.47968203,0.50758713,0.7655203,0.86419415,0.86782503,0.8184215,0.81499493,0.80696625,0.8683598,0.8422699,0.8607392,0.7612014,0.58990514,0.6989175,0.72682405,0.82446206,0.79702896,0.7805024,0.8161713,0.8151281,0.76940024,0.7731284,1.1671087
57,0.0,0.0,0.049272183,0.052376606,0.046701543,0.07447828,0.0500553,0.05390049,0.06364128,0.0,0.0,0.0,0.0,0.0,0.0,0.0,0.042773794,0.061602216,0.08999768,0.0,0.0,0.0,0.0,0.0,0.0,0.0,0.0,0.0,0.0,0.0,0.0,0.0,0.0,0.0,0.0,0.0,0.0,0.0,0.0,0.0
58,0.0,0.0,0.09581878,0.10133592,0.08458732,0.09876507,0.088962115,0.07096423,0.0892821,0.0,0.0,0.0,0.0,0.0,0.0,0.0,0.06861149,0.07176789,0.12609546,0.0,0.0,0.0,0.0,0.0,0.0,0.0,0.0,0.0,0.0,0.0,0.0,0.0,0.0,0.0,0.0,0.0,0.0,0.0,0.0,0.0
59,0.09529925,0.07643055,0.183861,0.18931109,0.15860967,0.120735876,0.13648526,0.12852575,0.12245236,0.067566544,0.0749826,0.0844002,0.08963942,0.055899557,0.07335546,0.055784017,0.15686874,0.10283241,0.11528778,0.014870045,0.016674308,0.010391471,0.021047244,0.009513891,0.021274464,0.015521343,0.002967839,0.009426597,0.011878068,0.034868,0.013124635,0.025778752,0.035510786,0.025750823,0.034843136,0.030920697,0.01874109,0.037292983,0.030256363,0.102841906
60,0.0,0.0,0.0034181224,0.0015209493,0.0032352158,0.0010953622,2.0863068e-05,0.0008608622,0.0,0.0,0.0,0.00041295108,0.0,0.0,0.0,0.0,0.0018973841,0.0022609788,0.0013255866,0.0,0.0,0.0,0.0003261648,0.0,0.0,0.0,0.0,0.0,0.0,0.0,0.0,0.0,0.0,0.0,0.0,0.0,0.0,0.0,0.0,0.0016499897
61,0.0,0.0,0.0,0.0,0.0,0.0,0.0,0.0,0.0,0.0,0.0,0.0,0.0,0.0,0.0,0.0,0.0,0.0,0.0,0.0028065706,0.0024144396,0.00046311822,0.000401046,0.002349405,0.0012057349,0.0008937058,0.0031873032,0.0014746244,0.0038005055,0.0,0.0,0.0,0.0,0.0,0.0,0.0,0.0,0.0,0.0,0.0
62,0.0,0.0,0.0,0.0,0.0,0.0,0.0,0.0,0.0,0.0,0.0,0.0,0.0,0.0,0.0,0.0,0.0,0.0,0.0,0.0,0.0,0.0,0.0,0.0,0.0,0.0,0.0,0.0,0.0,0.0,0.0,0.0,0.0,0.0,0.0,0.0,0.0,0.0,0.0,0.0
63,0.0,0.0,0.0,0.0,0.0,0.0,0.0,0.0,0.0,0.0,0.0,0.0,0.0,0.0,0.0,0.0,0.0,0.0,0.0,0.0,0.0,0.0,0.0,0.0,0.0,0.0,0.0,0.0,0.0,0.0,0.0,0.0,0.0,0.0,0.0,0.0,0.0,0.0,0.0,0.0
64,0.0012162653,0.0,0.09164276,0.09162494,0.091967046,0.07772351,0.08350038,0.06648497,0.071880125,0.00010980702,0.0,0.0,0.0,0.0002632044,0.00026564204,0.0018388589,0.064092785,0.061243724,0.05835004,0.0,0.003856701,0.0014793227,0.012887418,0.006508722,0.0053329803,0.0029985167,0.0027409298,0.0032441476,0.00093691895,0.1371585,0.074539475,0.050036773,0.04083676,0.06558932,0.015345522,0.027069218,0.0060498184,0.004506234,0.01487716,0.0
65,0.0,0.0,0.0,0.0,0.0,0.0,0.0,0.0,0.0,0.0,0.0,0.0,0.0,0.0,0.0,0.0,0.0,0.0,0.0,0.0,0.0,0.0,0.0,0.0,0.0,0.0,0.0,0.0,0.0,0.0,0.0,0.0,0.0,0.0,0.0,0.0,0.0,0.0,0.0,0.0
66,0.0,0.0,0.000560465,0.0,0.0,0.001513613,0.0005293985,0.0,0.00050105166,0.0,0.0,0.0,0.0,0.0,0.0,0.0,0.0,0.001045814,0.003955292,0.0,0.0,0.0,0.0,0.0,0.0,0.0,0.0,0.0,0.0,0.0,0.0014492917,0.0,0.0,0.0,0.0,0.0,0.0,0.0,0.0,0.0
67,0.8904091,0.8659232,0.4596949,0.4894896,0.44966465,0.4214848,0.44885054,0.46168128,0.4260299,0.9420525,0.8324222,0.86352587,0.8683591,0.84461975,0.82891804,0.96560276,0.47863805,0.4058224,0.41839582,0.86850274,0.91708815,0.9055137,0.88231874,0.9090613,0.87790745,0.84928125,0.9128196,0.9148492,0.8932969,0.9773432,0.9678074,0.9108037,0.9648891,0.8988453,0.8793985,0.93015444,0.9340165,0.8379573,0.87769675,0.91601145
68,0.03266043,0.013189499,0.0,0.0,0.0,0.0,0.0,0.0,0.0,0.014776269,0.044669237,0.042958926,0.037064187,0.060756218,0.031168126,0.028011741,0.0,0.0,0.00023800894,0.0004702599,0.0,0.0,0.0,0.0,0.0,0.00034629772,0.0,0.0,0.0,0.023430215,0.017633619,0.07621143,0.057737716,0.048742298,0.06713442,0.08121286,0.077752575,0.07023439,0.07464212,0.019876959
69,0.0,0.0005065248,0.0029988878,0.0012354713,0.00010608257,0.0012788384,0.0003938365,0.00026647866,0.0,0.0,0.0,0.00029753076,0.0,0.0,0.00018988262,0.0,0.000603497,0.00043644587,0.0007044882,0.10573173,0.12021534,0.11771407,0.15610357,0.118362345,0.10084241,0.13519742,0.117207065,0.14318736,0.14342862,0.0,0.0,6.0776067e-05,0.0,0.0,0.0,0.0,0.0,0.00057809777,0.0,0.0
70,0.0,0.0,0.018071115,0.0093906745,0.014884733,0.019515742,0.010860202,0.012864908,0.009994466,0.0,0.0,0.0,0.0,0.0,0.0,0.0,0.01197406,0.012915741,0.023843626,4.0577303e-05,0.0,0.0,0.0005592444,0.0,0.0,0.0,0.0,0.0,0.0,0.0,0.0,0.0,0.0,0.0,0.0,0.0,0.0,0.0,0.0,0.0
71,0.0,0.0,0.0,0.0,0.0,0.0,0.0,0.0,0.0,0.0,0.0,0.0,0.0,0.0,0.0,0.0,0.0,0.0,0.0,0.027984858,0.025130522,0.025907794,0.054975867,0.023977142,0.02731121,0.026459927,0.024219383,0.030523593,0.04410632,0.003254045,0.0,0.0,0.0,0.0,0.0,0.0,0.0,0.0,0.0,0.0
72,0.0,0.0,0.0,0.0,0.0,0.0,0.0,0.0,0.0,0.0,0.0,0.0,0.0,0.0,0.0,0.0,0.0,0.0,0.0,0.0,0.0,0.0,0.0,0.0,0.0,0.0,0.0,0.0,0.0,0.0,0.0,0.0,0.0,0.0,0.0,0.0,0.0,0.0,0.0,0.0
73,0.0,0.000115112314,0.018834822,0.018474476,0.012061333,0.009370026,0.0019441532,0.004239646,0.008024538,0.0,0.0,0.0,0.0,0.0,0.0,0.0,0.0034922601,0.0039004746,0.004234221,0.013462361,0.017812181,0.01276488,0.01488273,0.011457843,0.006331795,0.014403435,0.014075028,0.019526618,0.0067118336,0.0,0.0,0.0,0.0,0.0,0.0,0.0,0.0,0.0,0.0,0.0
74,0.010955126,0.018046249,0.39157242,0.3686517,0.42748806,0.40445513,0.4025659,0.4029211,0.41936672,0.034611225,0.015947537,0.01124332,0.03180098,0.02016323,0.037937034,0.015460649,0.40153235,0.40496123,0.4120197,0.0,0.0,0.0,0.0,0.0,0.0,0.0,0.0,0.0,0.0,0.39279753,0.28756297,0.21078128,0.18817705,0.18261434,0.13624185,0.15988424,0.112854145,0.11444292,0.122916,0.04474524
75,0.019650368,0.016398853,0.061958224,0.028868014,0.056310307,0.07698662,0.046531405,0.057898846,0.06371994,0.034815896,0.028219536,0.013312363,0.022067346,0.011076284,0.030714452,0.040156506,0.058910046,0.08087334,0.06235417,0.023514463,0.03692817,0.053981524,0.08235485,0.04646006,0.04110742,0.052684627,0.047752343,0.07767504,0.0380151,0.05340791,0.05547617,0.040483974,0.04175407,0.05075267,0.056335494,0.03849634,0.036299426,0.035943564,0.019889556,0.038648672
76,0.0,0.0,0.0,0.0023802978,0.00092288916,5.6910358e-05,0.0,0.00031837888,4.705084e-05,0.0,0.0,0.0,0.0,0.0,0.0,0.0,0.0002303654,0.0,0.0028585503,0.00025284645,0.0,0.0,0.0,0.0,0.0,0.0,0.0,0.0,0.0,0.0,0.0,0.0,0.0,0.0007587154,0.0,0.0,0.0,0.0,0.0,0.0
77,0.0009813212,0.0018875926,0.26044834,0.21533506,0.2420722,0.30795738,0.26709208,0.2630873,0.31046233,0.0036393001,0.003816518,0.0039716153,0.00725852,0.0,0.003302178,0.002194871,0.24214001,0.31206018,0.36544818,0.02758904,0.028515307,0.03944685,0.08798589,0.031839944,0.022936212,0.032230943,0.039823037,0.049238067,0.022777887,0.050139457,0.024706218,0.015130176,0.011302089,0.01644826,0.009440785,0.020778822,0.0052540195,0.0032221337,0.0040816474,0.007761631
78,0.21152358,0.2191157,0.18734433,0.22403167,0.21849884,0.26478615,0.25568393,0.2455192,0.23630959,0.19692366,0.20477773,0.20356356,0.25521472,0.19047782,0.20065328,0.20016998,0.231657,0.2564689,0.25715446,0.39541066,0.37105575,0.33744013,0.36165363,0.35571784,0.4176112,0.3661944,0.35193926,0.36138943,0.37880123,0.35006005,0.31065094,0.332709,0.41678134,0.39975715,0.36227784,0.3590663,0.3652832,0.3900048,0.398646,0.29414198
79,0.0,0.0,0.105326645,0.07938391,0.09753701,0.08710823,0.08187688,0.08187112,0.10061433,0.0,0.0,0.0,0.0,0.0,0.0,0.0,0.0789101,0.10271701,0.12557036,0.0,0.0,0.0,0.0,0.0,0.0,0.0,0.0,0.0,0.0,0.0,0.0,0.0,0.0,0.0,0.0,0.0,0.0,0.0,0.0,0.0
80,0.00291849,0.0022802372,0.012132158,0.008326844,0.01031378,0.010601482,0.018054126,0.013338659,0.011164513,0.0024170806,0.0,0.0074503105,0.0026391193,2.9780571e-05,0.0021997436,0.0029143682,0.022203049,0.01614731,0.0067065796,0.0005347055,0.0003224425,0.0,0.0,0.0,0.0,0.0,0.00015825202,0.0,0.0,0.0016604846,0.0,0.0,0.01653746,0.016561782,0.0017148808,0.0031753401,0.0027343757,0.00026916637,0.0006248133,0.0
81,0.3805759,0.4121808,0.5196862,0.514604,0.54575235,0.5016775,0.5109551,0.4920139,0.50616443,0.3524068,0.35671297,0.34552932,0.3087314,0.31183758,0.41929588,0.36310536,0.5219959,0.4978285,0.49957263,0.12909244,0.11862515,0.08904488,0.1398718,0.13143902,0.13910504,0.10818631,0.10668146,0.10040329,0.12786345,0.043418117,0.021318052,0.01362613,0.026824879,0.012839218,0.0024966544,0.01780227,0.012865789,0.007836462,0.010664128,0.46614155
82,0.0,0.0,0.005419086,0.007895781,0.013105929,0.0089106,0.0025425511,0.0046393224,0.006901995,0.0,0.0,0.0,0.0,0.0,0.0,0.0,0.002617991,0.001856526,0.015948812,0.0,0.0,0.0,0.0,0.0,0.0,0.0,0.0,0.0,0.0,0.0,0.0,0.0,0.0,0.0,0.0,0.0,0.0,0.0,0.0,0.0
83,0.0,0.0,0.0,0.0,0.0,0.0,0.0,0.0,0.0,0.0,0.0,0.0,0.0,0.0,0.0,0.0,0.0,0.0,0.0,0.0,0.0,0.0,0.0,0.0,0.0,0.0,0.0,0.0,0.0,0.0,0.0,0.0,0.0,0.0,0.0,0.0,0.0,0.0,0.0,0.0
84,0.0,0.0,0.12291735,0.11464135,0.090879984,0.09273632,0.06519736,0.05691169,0.07610038,0.0,0.0,0.0,0.00024840186,0.0,0.0,0.0,0.07809008,0.048865527,0.07947924,0.0,0.0,0.0,0.0,0.0,0.0,0.0,0.0,0.0,0.0,0.0010530041,0.0,0.0005939507,0.001489267,0.0062122634,0.0,0.0013803898,0.0,0.0,0.00094868004,0.0
85,1.10696,1.129182,0.48290482,0.51956165,0.5491646,0.5451483,0.582924,0.563651,0.56950194,1.1088747,1.0590625,1.0833389,1.1321371,1.1207635,1.0956144,1.0822192,0.6099316,0.62925345,0.5949367,0.7812651,0.75993115,0.75840753,0.67322344,0.77943873,0.77053404,0.73517585,0.7269534,0.70379984,0.7812447,0.8475737,0.9732827,1.0895587,1.1223059,1.1451708,1.2976372,1.2270757,1.3698236,1.3776845,1.3405484,1.0769798
86,0.0,0.0,0.0038721773,0.0,0.0017246554,0.002316376,0.000112853224,0.0018051587,0.002316929,0.0,0.0,0.0,0.0,0.0,0.0,0.0,0.00031190534,0.00036149737,0.0018158841,0.0,0.0,0.0,0.0,0.0,0.0,0.0,0.0,0.0,0.0,0.0,0.0,0.0,0.0,0.0,0.0,0.0,0.0,0.0,0.0,0.0
87,1.1804652,1.0962232,0.25663602,0.2546931,0.27235904,0.27591267,0.24541876,0.23225158,0.24137361,1.1317754,1.1479989,1.098567,1.1003577,1.2274646,1.0664086,1.1950905,0.25785398,0.21636601,0.24508792,1.6831522,1.5743384,1.6332561,1.3584992,1.635651,1.6200484,1.5572642,1.6547412,1.4708657,1.6112496,0.97833467,1.1433549,1.180007,1.2025812,1.127923,1.2672281,1.2095101,1.2958238,1.2029951,1.1746908,1.0336982
88,0.030442217,0.04975436,0.0,0.0,0.0013296712,0.0027048367,0.0054194476,0.005455119,0.0007668837,0.053747334,0.050107695,0.027815765,0.045516185,0.043261483,0.04476869,0.04490776,0.0030907204,0.004939182,0.004730735,0.0,0.0,0.0,0.0,0.0,0.0,0.0,0.0,0.0,0.0,0.063594945,0.045707885,0.045445938,0.048023373,0.08318791,0.05946598,0.083101995,0.08492654,0.042990454,0.07292229,0.065525986
89,0.023674281,0.014736403,0.5082251,0.4825648,0.511277,0.5340298,0.5068287,0.5028591,0.5154256,0.045019213,0.035887323,0.025390163,0.03526808,0.01226042,0.026957465,0.038300257,0.5127213,0.52316487,0.5142995,0.0,0.0009237809,0.0,0.0017519805,0.0,0.0,0.0,0.0034110234,0.0,0.0,0.15525562,0.2045588,0.17561772,0.22111268,0.2694358,0.18153778,0.30441454,0.21489143,0.15601882,0.17528208,0.04882034
90,0.0,0.0,0.0,0.0,0.0,0.0,0.0,0.0,0.0,0.0,0.0,0.0,0.0,0.0,0.0,0.0,0.0,0.0,0.0,0.0,0.0,0.0,0.0,0.0,0.0,0.0,0.0,0.0,0.0,0.0,0.0,0.0,0.0,0.0,0.0,0.0,0.0,0.0,0.0,0.0
91,0.015604003,0.0069031497,0.19076593,0.194767,0.17748518,0.17438,0.12929504,0.14230697,0.15312444,0.019410448,0.013849123,0.021035494,0.026228532,0.0008268327,0.0075531965,0.021474078,0.13461362,0.13281041,0.13491315,0.2592567,0.30581164,0.3135177,0.34011436,0.32400867,0.28027698,0.31382862,0.3015341,0.32579082,0.3223066,0.548834,0.4952443,0.36042222,0.31426752,0.2843758,0.22945239,0.23697138,0.20103998,0.2288543,0.22445345,0.021352125
92,0.0,0.0,0.0,0.0010603414,0.0,0.0,0.00033350685,0.0,0.0,0.0,0.0,0.0,0.0,0.0,0.0,0.0,0.00029730916,0.0010711177,0.0,0.0,0.0,0.0,0.0,0.0,0.0,0.0,0.0,0.0,0.0,0.0,0.0,0.0,0.0,0.0,0.0,0.0,0.0,0.0,0.0,0.0
93,0.7078862,0.69321376,0.42706114,0.4505072,0.43902037,0.49097192,0.45724353,0.49427038,0.48580718,0.6812754,0.70789456,0.720138,0.7187737,0.780391,0.68286026,0.7040886,0.4760621,0.5136809,0.4832318,0.9463494,0.96312886,1.0186144,0.95615447,0.9909148,0.9309944,0.9171834,0.9693206,0.9924272,0.97012436,0.17928834,0.32455742,0.47616938,0.54022545,0.58563405,0.6756833,0.61265856,0.6495377,0.6144447,0.6344017,0.64311755
94,0.0,0.0,1.8015504e-05,0.00090927945,0.0014859928,0.0071583344,0.001473222,0.005855335,0.0023347943,0.0,0.0,0.0,0.0,0.0,0.0,0.0,0.0021630318,0.001157741,0.0068652304,0.0,0.0,0.0,0.0,0.0006306258,0.0,0.0,0.0,0.0,0.0,0.0001342508,0.0,0.0,0.0,0.0,0.0,0.0,0.0,0.0,0.0,0.0
95,0.036742218,0.030218255,0.29001576,0.24430187,0.2691252,0.31778568,0.25131828,0.26678377,0.28894863,0.048565704,0.033954307,0.04601162,0.024915457,0.030829148,0.03813506,0.03646595,0.2534083,0.28173858,0.3430434,0.0,0.0012838186,0.00044027067,0.0052903136,0.0008986823,0.0021978896,0.00806353,0.0023171143,0.0020032674,0.0,0.0051000756,0.0057885004,0.0017260679,0.0020114752,0.0036449668,0.003008702,0.014733564,0.0061304513,0.001872553,0.00041666627,0.06903099
96,0.0,0.0007485676,0.04813649,0.047946826,0.041707397,0.037824403,0.035533953,0.042324975,0.04137893,0.0,0.0,0.0011558702,0.0012746465,0.0,0.0014990695,0.0,0.03077904,0.043531068,0.044985905,0.0029806115,0.00418847,0.0022380077,0.011225556,0.0017399158,0.00034286652,0.0047101704,0.0044169337,0.0031547481,0.0020545272,0.0,0.00094977656,0.0010472332,0.0027872033,0.003004427,0.0037981558,0.006853136,0.0040856064,0.0027569977,0.004404867,0.0
97,0.0,0.0,0.0,0.0,0.0,0.0,0.0,0.0,0.0,0.0,0.0,0.0,0.0,0.0,0.0,0.0,0.0,0.0,0.0,0.0,0.0,0.0,0.0,0.0,0.0,0.0,0.0,0.0,0.0,0.0,0.0,0.0,0.0,0.0,0.0,0.0,0.0,0.0,0.0,0.0
98,0.0,0.0,0.0011590385,0.0012933769,0.003295708,0.0010634812,0.0013987644,0.0020595915,0.0002131371,0.0,0.0,0.0,0.0,0.0,0.0,0.0,0.00045677254,0.00096215296,0.0035704088,0.0,0.0,0.0,0.0,0.0,0.0,0.0,0.0,0.0,0.0,0.0,0.0,0.0,0.0,0.0,0.0,0.0,0.0,0.0,0.0,0.0
99,0.0,0.0,0.0006427712,0.0014784149,0.0025608193,0.0038915067,0.0006279306,0.00047705875,0.0012291295,0.0,0.0,0.0,0.0,0.0,0.0,0.0,0.0013275269,0.00068434974,0.00054823485,0.0,0.0029290994,0.0024196506,0.009047524,0.0022892382,0.0,0.0,0.0022572684,0.00012892245,0.00019775283,0.00897538,0.012369659,0.02131246,0.014329142,0.010549307,0.008809633,0.0181178,0.011305436,0.008001852,0.020219166,0.0
100,0.15133955,0.1700608,0.00022949379,0.0,0.0016554163,0.0032078319,0.0072355787,0.0030440562,0.0050317654,0.15963452,0.19866413,0.12797484,0.08293119,0.20341885,0.15323672,0.14641982,0.005079228,0.007855914,0.006248143,0.04192034,0.03479592,0.0414152,0.022650188,0.041255504,0.042124312,0.048320055,0.04172998,0.0155677395,0.022224408,0.10539765,0.0947038,0.07839626,0.062924854,0.049870167,0.07759765,0.055666246,0.08161041,0.04586486,0.04032506,0.22214468
101,0.46136543,0.41800213,0.40661845,0.42591277,0.4023351,0.42215708,0.46996912,0.4715021,0.44637385,0.37573612,0.4066659,0.45611694,0.5567978,0.4408161,0.4878229,0.4357145,0.46017686,0.49704072,0.4877065,0.20814292,0.16234666,0.15926513,0.19979104,0.15650357,0.21278602,0.18634892,0.1656508,0.1900079,0.14381482,0.06987111,0.06212906,0.10209075,0.15856819,0.2116497,0.26966363,0.25219736,0.24365057,0.3260249,0.3352546,0.36139756
102,0.0017299836,0.0,0.0065455153,0.010100801,0.0033821166,0.0,0.0011081633,0.0009251868,0.00044627558,0.0,0.0016808171,0.0,8.24422e-05,0.0,0.0,0.0,0.0,0.000103257196,3.3534787e-05,0.00090881885,0.0011274944,0.0027893332,0.0020225858,7.709737e-05,0.0,0.004290501,0.0,0.0015942809,0.0008007772,0.0,0.0,0.0,0.0,0.0,0.0,0.0,0.0,0.0,0.0,0.0
103,0.070557564,0.08644619,0.1901636,0.18676855,0.20564443,0.18237332,0.20261692,0.19445705,0.200791,0.09361721,0.07834305,0.09532645,0.034839593,0.05908341,0.07856178,0.051858965,0.19704898,0.18382627,0.20825474,0.0,0.0,0.0,0.0,0.0,0.0,0.0,0.0,0.00047412465,0.0,0.11069468,0.098999865,0.0730744,0.048827033,0.03687147,0.015350638,0.046973255,0.021195741,0.009643031,0.019200519,0.11757849
104,0.0,0.0,0.0,0.0,0.0,0.0,0.0,0.0,0.0,0.0,0.0,0.0,0.0,0.0,0.0,0.0,0.0,0.0,0.0,0.0,0.0,0.0,0.0,0.0,0.0,0.0,0.0,0.0,0.0,0.0,0.0,0.0,0.0,0.0,0.0,0.0,0.0,0.0,0.0,0.0
105,0.0,0.0,0.0,0.0,0.0,0.0,0.0,0.0,0.0,0.0,0.0,0.0,0.0,0.0,0.0,0.0,0.0,0.0,0.0,0.0,0.0,0.0,0.0,0.0,0.0,0.0,0.0,0.0,0.0,0.0,0.0,0.0,0.0,0.0,0.0,0.0,0.0,0.0,0.0,0.0
106,0.13375017,0.16223507,0.16915615,0.17447986,0.16375239,0.2193113,0.21568213,0.19719599,0.20544218,0.12877373,0.12104906,0.14066616,0.1386798,0.12916845,0.13834508,0.14864647,0.18351065,0.21017453,0.23860148,0.0025696317,0.009261708,0.0025141095,0.011387504,0.0047166827,0.009671284,0.0068765534,0.0057047396,0.0075229686,0.0006056471,0.06282388,0.019424837,0.018013014,0.029714333,0.038500443,0.057454888,0.09641715,0.08186183,0.045947053,0.072286285,0.13022773
107,0.0,0.0,0.0,0.0,0.0,0.0,0.0,0.0,0.0,0.0,0.0,0.0,0.0,0.0,0.0,0.0,0.0,0.0,0.0,0.02629741,0.017687347,0.03072113,0.02064062,0.02566624,0.020969322,0.03283348,0.0330983,0.021281682,0.025169207,0.0,0.0,0.0,0.0,0.0,0.0,0.0,0.0,0.0,0.0,0.0
108,0.009168527,0.0031251216,0.5261374,0.5550024,0.5088536,0.51962495,0.49668503,0.4687255,0.4803673,0.014773246,0.013438926,0.0013233505,0.015069477,0.0032527125,0.010016322,0.015298988,0.45746619,0.43749022,0.4309473,0.12381938,0.13044235,0.14425129,0.22101803,0.1099672,0.12986991,0.16018698,0.14430584,0.20496874,0.13838266,0.17573877,0.15575151,0.10614909,0.15449074,0.2068498,0.13457888,0.15270646,0.12489519,0.114708215,0.09416805,0.008157231
109,0.030577084,0.017488634,0.0,0.0,0.0,0.0,0.0,0.0,0.0,0.027310751,0.03741082,0.022577755,0.018253412,0.0348338,0.030773697,0.02155016,0.0,0.0,0.0,0.06540214,0.07196182,0.102154,0.08262267,0.111143954,0.04625811,0.07641744,0.09189515,0.064128414,0.07555974,0.020684727,0.02446208,0.042568274,0.01469514,0.031801086,0.05926813,0.034359727,0.06175874,0.030878127,0.047379974,0.012971454
110,0.0,0.0,0.00089012814,0.00067058764,0.00054113613,0.0,0.0,0.0,0.0,0.0,0.0,0.0,0.0,0.0,0.0,0.0,0.0,0.0,0.0,0.0,0.0,0.0,0.0,0.0,0.0,0.0,0.0,0.0,0.0,0.0,0.0,0.0,0.0,0.0,0.0,0.0,0.0,0.0,0.0,0.0
111,0.14785428,0.13541417,0.024075544,0.027679639,0.01790064,0.027752291,0.029462356,0.032647066,0.020732736,0.12264918,0.13128309,0.11425384,0.08670322,0.11451911,0.112297386,0.14068763,0.028117938,0.025363926,0.028116157,0.030321818,0.029883726,0.02025424,0.021156091,0.02578127,0.03820007,0.025865985,0.020386614,0.011952426,0.014100706,0.009370538,0.008548993,0.0048161945,0.011025528,0.0062427158,0.005824152,0.0058448603,0.0064120856,0.0061413683,0.0007502336,0.16439536
112,0.02771152,0.031492416,0.12348361,0.11031457,0.10688927,0.11147396,0.11105868,0.121119365,0.11311159,0.04087675,0.043621406,0.03720898,0.02628675,0.015377733,0.028981822,0.04022375,0.10768249,0.12270773,0.12595397,0.017686848,0.02780939,0.02295138,0.040992524,0.008732732,0.01754614,0.021152938,0.01095851,0.026192311,0.013714561,0.005011256,0.005865746,0.0018277242,0.008469949,0.0055207754,0.0032660044,0.0065173595,0.00269414,0.0,9.270805e-06,0.0848888
113,0.0,0.0,0.11622682,0.11143956,0.10078693,0.079173215,0.08683635,0.09512282,0.08290652,0.0,0.0,0.0,0.0,0.0,0.0,0.0,0.08890434,0.076348394,0.073935606,0.0,0.0,0.0,0.0,0.0,0.0,0.0,0.0,0.0,0.0,0.0,1.4093494e-05,0.0,0.0,0.0032156033,0.0,0.0,0.0,0.0,0.0,0.0
114,0.0,0.0,0.0,0.0,0.0,0.0,0.0,0.0,0.0,0.0,0.0,0.0,0.0,0.0,0.0,0.0,0.0,0.0,0.0,0.0,0.0,0.0,0.0,0.0,0.0,0.0,0.0,0.0,0.0,0.0,0.0,0.0,0.0,0.0,0.0,0.0,0.0,0.0,0.0,0.0
115,0.0,0.0,0.0,0.0,0.0,0.00032659931,0.0012540187,0.00026372125,0.00045746373,0.00013233001,0.0,0.0,0.0,0.0018999557,0.0020637247,0.0,0.0,0.0,0.0019280686,0.0,0.0,0.0,0.0,0.0,0.0,0.0,0.0,0.0,0.0,0.0,0.00016926302,0.0,0.0045622475,0.013655336,0.0014015903,0.0002737651,0.0,0.0,0.001561748,0.0
116,0.0,0.0,0.0,2.2816563e-05,0.0017500935,0.008277624,0.0066391258,0.0053906008,0.0039859745,0.0,0.0,0.0,0.0,0.0,0.0,0.0,0.0013650992,0.0055113337,0.010852522,0.0,0.0,0.0,0.0,0.0,0.0,0.0,0.0,0.0,0.0,0.031150063,0.026377177,0.014819829,0.027527397,0.040237103,0.039779257,0.03289137,0.031782176,0.009520804,0.015887123,0.00090899895
117,0.0,0.0,0.0,0.0,0.0,0.0,0.0,0.0,0.0,0.0,0.0,0.0,0.0,0.0,0.0,0.0,0.0,0.0,0.0,0.0,0.0,0.0,0.0,0.0,0.0,0.0,0.0,0.0,0.0,0.005553841,0.0039906213,0.0009420967,0.0,0.0006969028,0.0,0.0,0.0,0.0,0.0,0.006811963
118,0.0,0.0,0.0,0.0,0.0,0.0,0.0,0.0,0.0,0.0,0.0,0.0,0.0,0.0,0.0,0.0,0.0,0.0,0.0,0.0,0.0,0.0,0.0,0.0,0.0,0.0,0.0,0.0,0.0,0.0,0.0,0.0,0.0,0.0,0.0,0.0,0.0,0.0,0.0,0.0
119,0.81791776,0.8184107,0.15533796,0.17256993,0.20025511,0.20944756,0.21768807,0.18063754,0.17533992,0.79903764,0.872457,0.8137773,0.7835326,0.9682818,0.77137405,0.8500226,0.20272519,0.2022756,0.18134862,1.1645609,1.065695,1.1263009,0.95122045,1.1357512,1.1102731,1.0589308,1.1243397,1.0082241,1.1511003,0.5693394,0.6736781,0.78056467,0.77252185,0.78092074,0.9472639,0.84794354,0.93594414,0.95991474,0.8735569,0.73077637
120,0.0010813838,0.00071536726,0.0020115457,0.0039834864,0.0026984985,0.0021897838,0.008902125,0.002047375,0.0031931517,0.0,0.0015754349,0.010259656,0.013400405,0.004251645,0.012240052,0.003365609,0.0045768963,0.0024759804,0.004857097,0.006992721,0.007165656,0.001799703,0.008568456,0.0031941202,0.00404107,0.0079555,0.0034481625,0.004393167,0.003999804,0.0,0.0,0.0,0.0,0.0,0.0,0.0,0.0,0.0,0.0,0.008125739
121,0.0,0.0,0.0,0.0,0.0,0.0,0.0,0.0,0.0,0.0,0.0,0.0,0.0,0.0,0.0,0.0,0.0,0.0,0.0,0.0,0.0,0.0,0.0,0.0,0.0,0.0,0.0,0.0,0.0,0.0,0.0,0.0,0.0,0.0,0.0,0.0,0.0,0.0,0.0,0.0
122,0.37658954,0.32058814,0.028511394,0.039187867,0.03628385,0.03014958,0.054716367,0.050153755,0.04469574,0.2796173,0.34440735,0.3823814,0.36947635,0.3786011,0.34067076,0.32474333,0.057702173,0.050050765,0.046634786,0.4187184,0.3697504,0.34417763,0.27057427,0.34482062,0.3503589,0.3307503,0.2863589,0.29697067,0.37206748,0.122838385,0.21819434,0.27038077,0.27124798,0.24827537,0.3548422,0.28100476,0.2375301,0.34367862,0.30161887,0.22404118
123,0.0013112484,0.0038285495,0.08787258,0.09226904,0.09357084,0.08762998,0.09804319,0.06860766,0.084731385,0.004614131,0.0,0.0019423522,0.0,0.0,4.509284e-05,0.0015416556,0.08195735,0.086718895,0.07154799,0.029683908,0.040035855,0.021121101,0.045818582,0.021575177,0.02845842,0.039027583,0.0148822395,0.020849425,0.023601998,0.024045194,0.012303922,0.017009497,0.009211611,0.0034008978,0.0,0.002111711,0.0010777077,0.00093748275,0.015580529,0.015795387
124,0.0,0.0,0.0,0.0,0.0,0.0,0.0,0.0,0.0,0.00053892116,0.0,0.0,0.0,0.0,0.0,0.0,0.0,0.0,0.0,0.0,0.0,0.0,0.0,0.0,0.0,0.0,0.0,0.0,0.0,0.0,0.0,0.0,0.0,0.0,0.0,0.0,0.0,0.0,0.0,0.0
125,0.0,0.0,0.0,0.0,0.0,0.0,0.0,0.0,0.0,0.0,0.0,0.0,0.0,0.0,0.0,0.0,0.0,0.0,0.0,0.0,0.0,0.0,0.0,0.0,0.0,0.0,0.0,0.0,0.0,0.0,0.0,0.0,0.0,0.0,0.0,0.0,0.0,0.0,0.0,0.0
126,0.0,0.0,0.0022224255,1.9258669e-05,0.0021606039,0.0022261417,0.002222188,0.007987255,0.004539918,0.0,0.0,0.0,0.0,0.0,0.0,0.0,0.0049179518,0.0047644023,0.0046114875,0.0,0.0,0.0,0.0,0.0,0.0,0.0,0.0,0.0,0.0,0.015106251,0.021215593,0.009376018,0.022848593,0.016154427,0.0040137605,0.0055012307,0.0017636238,0.0,0.00042198744,0.0
127,0.012965894,0.027092772,0.0,0.0,0.0,0.00021007033,0.0006129607,0.00091223634,0.0,0.025690675,0.019031363,0.011702864,0.025128596,0.03009477,0.015625322,0.020089213,0.0013968466,0.0005501415,0.00038786183,0.0,0.0,0.0,0.0,0.0,0.0,0.0,0.0,0.0,0.0,0.004374133,0.0,0.0,0.00037774924,0.0,0.0,0.0,0.00031432413,0.0,0.0,0.020761726
